Summary,Description,Issue Type,Story Points,Sprint,Assignee,Status,Labels,Acceptance Criteria,Due Date
"M1.1: Sprint Kickoff Meeting","Review Week 1 stories with team, clarify acceptance criteria, confirm design decisions",Task,0,Week 1,Tech Lead,Backlog,kickoff;planning,"AC: Sprint board updated, all questions answered",2026-03-03
"M1.2: Development Environment Setup","Verify Node.js, clone repo, install deps, test build",Task,0,Week 1,Dev A + Dev B,Backlog,setup;environment,"AC: Both devs confirm environment ready",2026-03-03
"M1.3: Architecture Deep Dive: State Machine Design","Review state machine diagram, clarify transitions, document test scenarios",Task,0,Week 1,Tech Lead + Dev A,Backlog,design;planning,"AC: State machine spec complete with 10+ test cases",2026-03-03
"M1.4: Create TypeScript State Machine Foundation","Implement state-machine.ts with StateTransitionValidator class",Task,0,Week 1,Dev A,In Progress,development;state-machine,"AC: Compiles without errors, 150-200 LOC",2026-03-03
"M1.5: Create Unit Tests for State Transitions","Write 8+ unit tests for state machine transitions",Task,0,Week 1,Dev A,In Progress,testing;state-machine,"AC: 8+ tests passing, covers all transition paths",2026-03-03
"T1.1: Code Review: State Machine Foundation","Review state-machine.ts, audit-trail.ts, test coverage",Task,0,Week 1,Tech Lead,Backlog,code-review;state-machine,"AC: Approved and merged to main",2026-03-04
"T1.2: S-STRATEGY-001: Implement Audit Trail Collection","Create audit-trail.ts with AuditTrail class and event logging",Task,0,Week 1,Dev A,In Progress,development;state-machine,"AC: ~200 LOC, integrates with state machine",2026-03-04
"T1.3: Unit Tests for Audit Trail","Write 5+ unit tests for audit trail events",Task,0,Week 1,Dev A,In Progress,testing;state-machine,"AC: 5+ tests passing, covers recordTransition and getHistory",2026-03-04
"T1.4: Integration Test: State Machine + Audit Trail","Create integration tests for state transitions with audit logging",Task,0,Week 1,Dev A,In Progress,testing;integration;state-machine,"AC: 3+ integration tests passing, events captured in order",2026-03-04
"T1.5: Journal Schema Planning & Design","Design manifest.json structure and validation rules",Task,0,Week 1,Dev B + Tech Lead,Backlog,design;planning;journal,"AC: Design doc complete with 5+ fields identified",2026-03-04
"T1.6: Create manifest.json TypeScript Types","Define ManifestMetadata, ManifestParameters, StrategyManifest interfaces",Task,0,Week 1,Dev B,In Progress,development;journal,"AC: ~150 LOC, no circular dependencies",2026-03-04
"T1.7: Create manifest.json Schema Validation","Implement ManifestValidator class with field validation",Task,0,Week 1,Dev B,In Progress,development;journal,"AC: ~200 LOC, validates strategyId/version/status/metadata",2026-03-04
"T1.8: Unit Tests for Manifest Types & Validation","Write 8+ unit tests for manifest schema and validation",Task,0,Week 1,Dev B,In Progress,testing;journal,"AC: 8+ tests passing, covers valid/invalid scenarios",2026-03-04
"W1.1: Final Integration: State Machine Complete","Add integration test final docs and validation",Task,0,Week 1,Dev A,Backlog,development;state-machine,"AC: All acceptance criteria documented, docs complete",2026-03-05
"W1.2: Final Integration: Journal Schema Complete","Create example manifest.json and schema docs",Task,0,Week 1,Dev B,Backlog,development;journal,"AC: Example file created, JSON schema documented",2026-03-05
"W1.3: QA: Acceptance Criteria Verification","Verify all AC met for S-STRATEGY-001 and S-JOURNAL-001",Task,0,Week 1,QA,Backlog,qa;acceptance-testing,"AC: Both stories marked DONE in QA, checklists complete",2026-03-05
"W1.4: Code Review: S-STRATEGY-001 Final","Final review of state machine and audit trail code",Task,0,Week 1,Tech Lead,Backlog,code-review;state-machine,"AC: Approved merge to main, review notes documented",2026-03-05
"W1.5: Code Review: S-JOURNAL-001 Final","Final review of manifest types and validation code",Task,0,Week 1,Tech Lead,Backlog,code-review;journal,"AC: Approved merge to main, review notes documented",2026-03-05
"W1.6: Create Week 1 Completion Report","Document completed stories, metrics, blockers",Task,0,Week 1,Tech Lead,Backlog,documentation;reporting,"AC: Report complete with test results and metrics",2026-03-05
"W1.7: Deployment: Local Dev Environment Validation","Verify both stories functional in local environment",Task,0,Week 1,Dev A + Dev B,Backlog,deployment;testing,"AC: npm build/test/coverage all pass, zero errors",2026-03-05
"Th1.1: Sprint Review Demo","Demonstrate S-STRATEGY-001 and S-JOURNAL-001 to stakeholders",Task,0,Week 1,Tech Lead + Dev A + Dev B,Backlog,review;demo,"AC: Demo complete, stakeholder Q&A addressed",2026-03-06
"Th1.2: Sprint Retrospective","Discuss what went well, what to improve",Task,0,Week 1,Entire Team,Backlog,retrospective;planning,"AC: Retro notes captured, 3-5 action items identified",2026-03-06
"Th1.3: Update Project Status","Update Jira/GitHub Projects with completion",Task,0,Week 1,Tech Lead,Backlog,admin;tracking,"AC: All stories marked DONE, sprint status updated",2026-03-06
"Th1.4: Week 2 Sprint Planning","Plan S-STRATEGY-002, S-STRATEGY-003, S-JOURNAL-002",Task,0,Week 1,Tech Lead + Dev A + Dev B,Backlog,planning;preparation,"AC: Week 2 sprint plan created, dev owners assigned",2026-03-06
"Th1.5: Create Week 2 Task Breakdown","Create PHASE-1-WEEK2-SPRINT-TASKS.md",Task,0,Week 1,Tech Lead,Backlog,documentation;planning,"AC: Week 2 task file complete with daily breakdowns",2026-03-06
"Th1.6: Prepare Week 2 Environment","Review Week 2 story requirements and prepare","Task",0,Week 1,Dev B,Backlog,preparation;planning,"AC: Week 2 prep notes created, blockers identified",2026-03-06
"Th1.7: Archive Week 1 Artifacts","Move task files to archive, tag Git",Task,0,Week 1,Tech Lead,Backlog,admin;documentation,"AC: Week 1 folder archived, Git tag created",2026-03-06
"F1.1: Regression Testing: Full Integration","Verify all state machine and journal functionality",Task,0,Week 1,QA,Backlog,qa;testing;regression,"AC: All tests passing, cross-module integration verified",2026-03-07
"F1.2: Documentation Review","Verify all docs complete and accurate",Task,0,Week 1,Tech Lead,Backlog,qa;documentation,"AC: All docs signed off, no clarity issues",2026-03-07
"F1.3: Performance Baseline","Create performance test for state machine and manifest",Task,0,Week 1,Dev A,Backlog,performance;testing,"AC: Baseline metrics documented (<100ms transitions)",2026-03-07
"F1.4: Final Metrics Collection","Collect LOC, test counts, coverage, velocity metrics",Task,0,Week 1,Tech Lead,Backlog,metrics;reporting,"AC: metrics.yaml complete with all KPIs",2026-03-07
"F1.5: Sprint Closure Checklist","Complete final sprint closure verification",Task,0,Week 1,Tech Lead,Backlog,admin;closure,"AC: 100% of closure checklist completed",2026-03-07
"F1.6: Create Week 1 Summary Report","Document deliverables, metrics, recommendations",Task,0,Week 1,Tech Lead,Backlog,documentation;reporting,"AC: Summary report complete (200-300 words)",2026-03-07
"F1.7: Stakeholder Communication","Send Week 1 completion notification to stakeholders",Task,0,Week 1,Tech Lead,Backlog,communication;admin,"AC: Email sent with artifacts, Week 2 meeting scheduled",2026-03-07
"F1.8: Git Final Tagging & Archive","Tag week1-complete, push tags, clean up","Task",0,Week 1,Dev A,Backlog,admin;git,"AC: Git tagged, release notes created, CI/CD passes",2026-03-07
"S-STRATEGY-001: Implement State Machine Transitions","Implement state machine with 5 states (draft, approved, active, completed, archived) and validation of transitions. Add audit trail logging.",Story,13,Week 1,Dev A,Backlog,state-machine;critical,"AC1.1: 5 states with valid transitions; AC1.2: Invalid transitions rejected; AC1.3: Transition rules match spec; AC1.4: Audit trail captures timestamp/actor; AC1.5: 10+ unit tests passing; AC1.6: No TypeScript implicit any",2026-03-05
"S-JOURNAL-001: Create manifest.json Structure","Create manifest.json schema with TypeScript types and JSON schema definition. Implement validation logic for strategy metadata.",Story,8,Week 1,Dev B,Backlog,journal;schema;critical,"AC2.1: Schema structure complete (strategyId, version, status, metadata, parameters); AC2.2: TypeScript types exported; AC2.3: Validation logic works; AC2.4: JSON schema file created; AC2.5: 8+ unit tests passing",2026-03-05
