id,date_created,idea_id,pain_addressed,offer_type,post_text,character_count,target_audience,status,performance_notes
1,2026-01-30,1,"Рутина съедает ВСЁ время","Настройка под ключ","Экономим 70% времени на рутинных задачах. Юристы, бухгалтеры, консультанты. 0 кода. Просто разговариваете.

На этом скриншоте 10 специалистов работают одновременно, решают 10 разных задач параллельно. Что юрист делает за неделю — здесь за час.

Они с тем же успехом могли бы: проверять договоры (например, 300 за день), обрабатывать счета, готовить презентации для клиентов, создавать отчёты, анализировать конкурентов, составлять финансовые планы, проверять документы на ошибки, готовить консультации, искать информацию по делам, автоматизировать первичку.

Любой предприниматель и его сотрудники могут сесть, попиздеть с системой голосом, та задаст вопросы и соберёт регламент по которому сама же будет выполнять нужную работу с самопроверкой.

Пример: юрист тратит 40 часов в неделю на проверку договоров. Система делает то же самое за 4 часа. Сэкономили 36 часов в неделю. За месяц экономия 144 часа — это целый месяц работы! Сколько вы готовы заплатить за то, чтобы получить целый месяц времени обратно?

Типовые договоры на 150 страниц с поиском рисков в 47 пунктах? Не проблема!

Могу за бабки настроить систему под ваши задачи за 5-7 дней (очень дорого), могу научить вас самих настраивать (дорого), могу дать в аренду готовую с поддержкой (выгоднее всего на длинной дистанции).

Пишите в личку @nikitatich )",1650,"Юристы, Бухгалтеры, Консультанты",draft,"Style Guide ETALON: 10/10 принципов применено. Целевая аудитория: юристы, бухгалтеры. Запрещённые термины: 0."
2,2026-01-30,1,"Не можешь масштабироваться без найма","Консультация + Процессинг","Экономим 80% фонда оплаты труда. Без найма новых сотрудников. Малый бизнес, юристы, бухгалтеры, консультанты. 0 кода. Просто разговариваете.

На этом скриншоте 10 специалистов работают одновременно над разными задачами. То что раньше делали 10 человек за день — теперь делает система за час.

Они с тем же успехом могли бы: проверять договоры (например, 300 за день), обрабатывать первичку, готовить отчёты клиентам, анализировать счета, создавать презентации, искать информацию по законодательству, составлять финансовые расчёты, проверять документы на ошибки, автоматизировать рутину, готовить консультации.

Любой может сесть, попиздеть с системой голосом, та задаст вопросы и соберёт регламент по которому сама же будет выполнять работу с самопроверкой.

Пример: тратим в год 5.000.000 ₽ на 2 помощников. Автоматизируем процессы. Остаётся только руководитель. Сэкономили 80% ФОТ. За год экономия 4.000.000 ₽. Сколько вы готовы заплатить мне от сэкономленных 4.000.000 ₽?

Автоматизация всех процессов консалтинговой конторы с 15 типовыми услугами? Не проблема!

Могу за бабки вытащить все процессы из вашей головы и автоматизировать за 3-4 недели (очень дорого), могу просто проконсультировать как это сделать (дорого), могу дать готовую систему в аренду с поддержкой (выгоднее всего).

Пишите в личку @nikitatich )",1710,"Малый бизнес, Юристы, Бухгалтеры, Консультанты",draft,"Style Guide ETALON: 10/10 принципов применено. Фокус: экономия ФОТ 80%. Провокационный вопрос: от 4 млн."
3,2026-01-30,1,"Клиенты ждут слишком долго","Аренда + Поддержка","Экономим 90% времени на обработку заказов клиентов. Юристы, консультанты, фрилансеры. 0 кода. Просто разговариваете.

На этом скриншоте 10 специалистов работают одновременно. Что один юрист делает за неделю — система делает за 2 часа. Клиенты не ждут.

Они с тем же успехом могли бы: проверять договоры (например, 300 за день), готовить презентации клиентам, обрабатывать документы, создавать отчёты, анализировать законодательство, составлять консультации, искать судебную практику, проверять первичку, автоматизировать типовые задачи, готовить расчёты.

Любой может сесть, попиздеть с системой голосом, та задаст вопросы и соберёт регламент по которому сама же будет выполнять работу быстро.

Пример: клиент ждёт проверку договора 5 дней. Конкуренты дают ответ за день — клиент уходит. С системой проверяем за 2 часа. Клиенты получают результат в 10 раз быстрее. Не теряем ни одного клиента из-за скорости! Сколько стоит для вас НЕ терять клиентов?

Проверка сложного контракта на 200 страниц с анализом по 30 критериям за 2 часа? Не проблема!

Могу за бабки дать готовую систему в аренду с моей поддержкой (выгоднее всего на длинной дистанции), могу просто настроить под ваши задачи и передать (очень дорого), могу проконсультировать как запустить самим (дорого).

Пишите в личку @nikitatich )",1620,"Юристы, Консультанты, Фрилансеры",draft,"Style Guide ETALON: 10/10 принципов применено. Фокус: скорость 90%. Провокация: цена потери клиентов."
